<?xml version="1.0" encoding="UTF-8"?>
<project-private xmlns="http://www.netbeans.org/ns/project-private/1">
    <editor-bookmarks xmlns="http://www.netbeans.org/ns/editor-bookmarks/2" lastBookmarkId="0"/>
    <open-files xmlns="http://www.netbeans.org/ns/projectui-open-files/2">
        <group>
            <file>file:/C:/Users/aldom/Documents/Código/hello-world/Tec/Segundo_sem/POO/Examen_07042017/AppTienda/src/apptienda/AppTienda.java</file>
            <file>file:/C:/Users/aldom/Documents/Código/hello-world/Tec/Segundo_sem/POO/Examen_07042017/AppTienda/src/apptienda/Inventario.java</file>
            <file>file:/C:/Users/aldom/Documents/Código/hello-world/Tec/Segundo_sem/POO/Examen_07042017/AppTienda/src/apptienda/RegistroVentas.java</file>
            <file>file:/C:/Users/aldom/Documents/Código/hello-world/Tec/Segundo_sem/POO/Examen_07042017/AppTienda/src/apptienda/Producto.java</file>
            <file>file:/C:/Users/aldom/Documents/Código/hello-world/Tec/Segundo_sem/POO/Examen_07042017/AppTienda/src/apptienda/Usuario.java</file>
            <file>file:/C:/Users/aldom/Documents/Código/hello-world/Tec/Segundo_sem/POO/Examen_07042017/AppTienda/src/apptienda/Venta.java</file>
            <file>file:/C:/Users/aldom/Documents/Código/hello-world/Tec/Segundo_sem/POO/Examen_07042017/AppTienda/src/apptienda/RegistroUsuarios.java</file>
        </group>
    </open-files>
</project-private>
